{"images": [{"id": 20180000001, "file_name": "scene_00a3b10b-c136-4857-8c25-3666f137ab0d.png", "width": 1920, "height": 3138}, {"id": 20180000002, "file_name": "scene_00a560cb-dba2-4011-908b-e35b63fb2df3.png", "width": 1920, "height": 2093}], "type": "instances", "annotations": [{"segmentation": [[405.0, 7.0, 405.0, 29.0, 536.0, 29.0, 536.0, 7.0]], "area": 2882.0, "iscrowd": 0, "ignore": 0, "image_id": 20180000001, "bbox": [405.0, 7.0, 131.0, 22.0], "category_id": 1, "id": 1}, {"segmentation": [[595.0, 41.5, 595.0, 92.5, 1511.0, 92.5, 1511.0, 41.5]], "area": 46716.0, "iscrowd": 0, "ignore": 0, "image_id": 20180000001, "bbox": [595.0, 41.5, 916.0, 51.0], "category_id": 2, "id": 2}, {"segmentation": [[595.0, 0.0, 595.0, 36.5, 1515.0, 36.5, 1515.0, 0.0]], "area": 33580.0, "iscrowd": 0, "ignore": 0, "image_id": 20180000001, "bbox": [595.0, 0.0, 920.0, 36.5], "category_id": 3, "id": 3}, {"segmentation": [[595.0, 99.5, 595.0, 150.5, 1515.0, 150.5, 1515.0, 99.5]], "area": 46920.0, "iscrowd": 0, "ignore": 0, "image_id": 20180000001, "bbox": [595.0, 99.5, 920.0, 51.0], "category_id": 4, "id": 4}, {"segmentation": [[405.0, 176.5, 405.0, 195.5, 434.0, 195.5, 434.0, 176.5]], "area": 551.0, "iscrowd": 0, "ignore": 0, "image_id": 20180000001, "bbox": [405.0, 176.5, 29.0, 19.0], "category_id": 1, "id": 5}, {"segmentation": [[405.0, 246.0, 405.0, 261.0, 1355.0, 261.0, 1355.0, 246.0]], "area": 14250.0, "iscrowd": 0, "ignore": 0, "image_id": 20180000001, "bbox": [405.0, 246.0, 950.0, 15.0], "category_id": 2, "id": 6}, {"segmentation": [[405.0, 204.5, 405.0, 241.0, 1515.0, 241.0, 1515.0, 204.5]], "area": 40515.0, "iscrowd": 0, "ignore": 0, "image_id": 20180000001, "bbox": [405.0, 204.5, 1110.0, 36.5], "category_id": 3, "id": 7}, {"segmentation": [[405.0, 268.0, 405.0, 301.0, 1499.0, 301.0, 1499.0, 268.0]], "area": 36102.0, "iscrowd": 0, "ignore": 0, "image_id": 20180000001, "bbox": [405.0, 268.0, 1094.0, 33.0], "category_id": 4, "id": 8}, {"segmentation": [[425.0, 319.0, 425.0, 341.0, 528.0, 341.0, 528.0, 319.0]], "area": 2266.0, "iscrowd": 0, "ignore": 0, "image_id": 20180000001, "bbox": [425.0, 319.0, 103.0, 22.0], "category_id": 1, "id": 9}, {"segmentation": [[405.0, 323.796875, 405.0, 336.796875, 418.0, 336.796875, 418.0, 323.796875]], "area": 169.0, "iscrowd": 0, "ignore": 0, "image_id": 20180000001, "bbox": [405.0, 323.796875, 13.0, 13.0], "category_id": 5, "id": 10}, {"segmentation": [[425.0, 341.0, 425.0, 363.0, 571.0, 363.0, 571.0, 341.0]], "area": 3212.0, "iscrowd": 0, "ignore": 0, "image_id": 20180000001, "bbox": [425.0, 341.0, 146.0, 22.0], "category_id": 1, "id": 11}, {"segmentation": [[405.0, 345.796875, 405.0, 358.796875, 418.0, 358.796875, 418.0, 345.796875]], "area": 169.0, "iscrowd": 0, "ignore": 0, "image_id": 20180000001, "bbox": [405.0, 345.796875, 13.0, 13.0], "category_id": 5, "id": 12}, {"segmentation": [[425.0, 363.0, 425.0, 385.0, 486.0, 385.0, 486.0, 363.0]], "area": 1342.0, "iscrowd": 0, "ignore": 0, "image_id": 20180000001, "bbox": [425.0, 363.0, 61.0, 22.0], "category_id": 1, "id": 13}, {"segmentation": [[405.0, 367.796875, 405.0, 380.796875, 418.0, 380.796875, 418.0, 367.796875]], "area": 169.0, "iscrowd": 0, "ignore": 0, "image_id": 20180000001, "bbox": [405.0, 367.796875, 13.0, 13.0], "category_id": 5, "id": 14}, {"segmentation": [[425.0, 385.0, 425.0, 407.0, 455.0, 407.0, 455.0, 385.0]], "area": 660.0, "iscrowd": 0, "ignore": 0, "image_id": 20180000001, "bbox": [425.0, 385.0, 30.0, 22.0], "category_id": 1, "id": 15}, {"segmentation": [[405.0, 389.796875, 405.0, 402.796875, 418.0, 402.796875, 418.0, 389.796875]], "area": 169.0, "iscrowd": 0, "ignore": 0, "image_id": 20180000001, "bbox": [405.0, 389.796875, 13.0, 13.0], "category_id": 5, "id": 16}, {"segmentation": [[425.0, 407.0, 425.0, 429.0, 456.0, 429.0, 456.0, 407.0]], "area": 682.0, "iscrowd": 0, "ignore": 0, "image_id": 20180000001, "bbox": [425.0, 407.0, 31.0, 22.0], "category_id": 1, "id": 17}, {"segmentation": [[405.0, 411.796875, 405.0, 424.796875, 418.0, 424.796875, 418.0, 411.796875]], "area": 169.0, "iscrowd": 0, "ignore": 0, "image_id": 20180000001, "bbox": [405.0, 411.796875, 13.0, 13.0], "category_id": 5, "id": 18}, {"segmentation": [[425.0, 429.0, 425.0, 451.0, 544.0, 451.0, 544.0, 429.0]], "area": 2618.0, "iscrowd": 0, "ignore": 0, "image_id": 20180000001, "bbox": [425.0, 429.0, 119.0, 22.0], "category_id": 1, "id": 19}, {"segmentation": [[405.0, 433.796875, 405.0, 446.796875, 418.0, 446.796875, 418.0, 433.796875]], "area": 169.0, "iscrowd": 0, "ignore": 0, "image_id": 20180000001, "bbox": [405.0, 433.796875, 13.0, 13.0], "category_id": 5, "id": 20}, {"segmentation": [[425.0, 451.0, 425.0, 473.0, 450.0, 473.0, 450.0, 451.0]], "area": 550.0, "iscrowd": 0, "ignore": 0, "image_id": 20180000001, "bbox": [425.0, 451.0, 25.0, 22.0], "category_id": 1, "id": 21}, {"segmentation": [[405.0, 455.796875, 405.0, 468.796875, 418.0, 468.796875, 418.0, 455.796875]], "area": 169.0, "iscrowd": 0, "ignore": 0, "image_id": 20180000001, "bbox": [405.0, 455.796875, 13.0, 13.0], "category_id": 5, "id": 22}, {"segmentation": [[425.0, 473.0, 425.0, 495.0, 481.0, 495.0, 481.0, 473.0]], "area": 1232.0, "iscrowd": 0, "ignore": 0, "image_id": 20180000001, "bbox": [425.0, 473.0, 56.0, 22.0], "category_id": 1, "id": 23}, {"segmentation": [[405.0, 477.796875, 405.0, 490.796875, 418.0, 490.796875, 418.0, 477.796875]], "area": 169.0, "iscrowd": 0, "ignore": 0, "image_id": 20180000001, "bbox": [405.0, 477.796875, 13.0, 13.0], "category_id": 5, "id": 24}, {"segmentation": [[425.0, 495.0, 425.0, 517.0, 510.0, 517.0, 510.0, 495.0]], "area": 1870.0, "iscrowd": 0, "ignore": 0, "image_id": 20180000001, "bbox": [425.0, 495.0, 85.0, 22.0], "category_id": 1, "id": 25}, {"segmentation": [[405.0, 499.796875, 405.0, 512.796875, 418.0, 512.796875, 418.0, 499.796875]], "area": 169.0, "iscrowd": 0, "ignore": 0, "image_id": 20180000001, "bbox": [405.0, 499.796875, 13.0, 13.0], "category_id": 5, "id": 26}, {"segmentation": [[425.0, 517.0, 425.0, 539.0, 452.0, 539.0, 452.0, 517.0]], "area": 594.0, "iscrowd": 0, "ignore": 0, "image_id": 20180000001, "bbox": [425.0, 517.0, 27.0, 22.0], "category_id": 1, "id": 27}, {"segmentation": [[405.0, 521.796875, 405.0, 534.796875, 418.0, 534.796875, 418.0, 521.796875]], "area": 169.0, "iscrowd": 0, "ignore": 0, "image_id": 20180000001, "bbox": [405.0, 521.796875, 13.0, 13.0], "category_id": 5, "id": 28}, {"segmentation": [[425.0, 539.0, 425.0, 561.0, 468.0, 561.0, 468.0, 539.0]], "area": 946.0, "iscrowd": 0, "ignore": 0, "image_id": 20180000001, "bbox": [425.0, 539.0, 43.0, 22.0], "category_id": 1, "id": 29}, {"segmentation": [[405.0, 543.796875, 405.0, 556.796875, 418.0, 556.796875, 418.0, 543.796875]], "area": 169.0, "iscrowd": 0, "ignore": 0, "image_id": 20180000001, "bbox": [405.0, 543.796875, 13.0, 13.0], "category_id": 5, "id": 30}, {"segmentation": [[405.0, 568.0, 405.0, 590.0, 441.0, 590.0, 441.0, 568.0]], "area": 792.0, "iscrowd": 0, "ignore": 0, "image_id": 20180000001, "bbox": [405.0, 568.0, 36.0, 22.0], "category_id": 1, "id": 31}, {"segmentation": [[595.0, 561.0, 595.0, 905.0, 1515.0, 905.0, 1515.0, 561.0]], "area": 316480.0, "iscrowd": 0, "ignore": 0, "image_id": 20180000001, "bbox": [595.0, 561.0, 920.0, 344.0], "category_id": 6, "id": 32}, {"segmentation": [[425.0, 921.0, 425.0, 943.0, 579.0, 943.0, 579.0, 921.0]], "area": 3388.0, "iscrowd": 0, "ignore": 0, "image_id": 20180000001, "bbox": [425.0, 921.0, 154.0, 22.0], "category_id": 1, "id": 33}, {"segmentation": [[405.0, 925.796875, 405.0, 938.796875, 418.0, 938.796875, 418.0, 925.796875]], "area": 169.0, "iscrowd": 0, "ignore": 0, "image_id": 20180000001, "bbox": [405.0, 925.796875, 13.0, 13.0], "category_id": 7, "id": 34}, {"segmentation": [[425.0, 943.0, 425.0, 965.0, 549.0, 965.0, 549.0, 943.0]], "area": 2728.0, "iscrowd": 0, "ignore": 0, "image_id": 20180000001, "bbox": [425.0, 943.0, 124.0, 22.0], "category_id": 1, "id": 35}, {"segmentation": [[405.0, 947.796875, 405.0, 960.796875, 418.0, 960.796875, 418.0, 947.796875]], "area": 169.0, "iscrowd": 0, "ignore": 0, "image_id": 20180000001, "bbox": [405.0, 947.796875, 13.0, 13.0], "category_id": 7, "id": 36}, {"segmentation": [[425.0, 965.0, 425.0, 987.0, 491.0, 987.0, 491.0, 965.0]], "area": 1452.0, "iscrowd": 0, "ignore": 0, "image_id": 20180000001, "bbox": [425.0, 965.0, 66.0, 22.0], "category_id": 1, "id": 37}, {"segmentation": [[405.0, 969.796875, 405.0, 982.796875, 418.0, 982.796875, 418.0, 969.796875]], "area": 169.0, "iscrowd": 0, "ignore": 0, "image_id": 20180000001, "bbox": [405.0, 969.796875, 13.0, 13.0], "category_id": 7, "id": 38}, {"segmentation": [[425.0, 987.0, 425.0, 1009.0, 525.0, 1009.0, 525.0, 987.0]], "area": 2200.0, "iscrowd": 0, "ignore": 0, "image_id": 20180000001, "bbox": [425.0, 987.0, 100.0, 22.0], "category_id": 1, "id": 39}, {"segmentation": [[405.0, 991.796875, 405.0, 1004.796875, 418.0, 1004.796875, 418.0, 991.796875]], "area": 169.0, "iscrowd": 0, "ignore": 0, "image_id": 20180000001, "bbox": [405.0, 991.796875, 13.0, 13.0], "category_id": 7, "id": 40}, {"segmentation": [[425.0, 1009.0, 425.0, 1031.0, 565.0, 1031.0, 565.0, 1009.0]], "area": 3080.0, "iscrowd": 0, "ignore": 0, "image_id": 20180000001, "bbox": [425.0, 1009.0, 140.0, 22.0], "category_id": 1, "id": 41}, {"segmentation": [[405.0, 1013.796875, 405.0, 1026.796875, 418.0, 1026.796875, 418.0, 1013.796875]], "area": 169.0, "iscrowd": 0, "ignore": 0, "image_id": 20180000001, "bbox": [405.0, 1013.796875, 13.0, 13.0], "category_id": 7, "id": 42}, {"segmentation": [[425.0, 1031.0, 425.0, 1053.0, 534.0, 1053.0, 534.0, 1031.0]], "area": 2398.0, "iscrowd": 0, "ignore": 0, "image_id": 20180000001, "bbox": [425.0, 1031.0, 109.0, 22.0], "category_id": 1, "id": 43}, {"segmentation": [[405.0, 1035.796875, 405.0, 1048.796875, 418.0, 1048.796875, 418.0, 1035.796875]], "area": 169.0, "iscrowd": 0, "ignore": 0, "image_id": 20180000001, "bbox": [405.0, 1035.796875, 13.0, 13.0], "category_id": 7, "id": 44}, {"segmentation": [[405.0, 1060.0, 405.0, 1082.0, 503.0, 1082.0, 503.0, 1060.0]], "area": 2156.0, "iscrowd": 0, "ignore": 0, "image_id": 20180000001, "bbox": [405.0, 1060.0, 98.0, 22.0], "category_id": 1, "id": 45}, {"segmentation": [[595.0, 1094.5, 595.0, 1127.5, 1498.0, 1127.5, 1498.0, 1094.5]], "area": 29799.0, "iscrowd": 0, "ignore": 0, "image_id": 20180000001, "bbox": [595.0, 1094.5, 903.0, 33.0], "category_id": 2, "id": 46}, {"segmentation": [[595.0, 1053.0, 595.0, 1089.5, 1515.0, 1089.5, 1515.0, 1053.0]], "area": 33580.0, "iscrowd": 0, "ignore": 0, "image_id": 20180000001, "bbox": [595.0, 1053.0, 920.0, 36.5], "category_id": 3, "id": 47}, {"segmentation": [[595.0, 1134.5, 595.0, 1167.5, 1498.0, 1167.5, 1498.0, 1134.5]], "area": 29799.0, "iscrowd": 0, "ignore": 0, "image_id": 20180000001, "bbox": [595.0, 1134.5, 903.0, 33.0], "category_id": 4, "id": 48}, {"segmentation": [[405.0, 1192.5, 405.0, 1214.5, 474.0, 1214.5, 474.0, 1192.5]], "area": 1518.0, "iscrowd": 0, "ignore": 0, "image_id": 20180000001, "bbox": [405.0, 1192.5, 69.0, 22.0], "category_id": 1, "id": 49}, {"segmentation": [[595.0, 1185.5, 595.0, 1207.890625, 1515.0, 1207.890625, 1515.0, 1185.5]], "area": 20599.375, "iscrowd": 0, "ignore": 0, "image_id": 20180000001, "bbox": [595.0, 1185.5, 920.0, 22.390625], "category_id": 8, "id": 50}, {"segmentation": [[405.0, 1252.5, 405.0, 1274.5, 432.0, 1274.5, 432.0, 1252.5]], "area": 594.0, "iscrowd": 0, "ignore": 0, "image_id": 20180000001, "bbox": [405.0, 1252.5, 27.0, 22.0], "category_id": 1, "id": 51}, {"segmentation": [[595.0, 1287.0, 595.0, 1302.0, 794.0, 1302.0, 794.0, 1287.0]], "area": 2985.0, "iscrowd": 0, "ignore": 0, "image_id": 20180000001, "bbox": [595.0, 1287.0, 199.0, 15.0], "category_id": 2, "id": 52}, {"segmentation": [[595.0, 1245.5, 595.0, 1282.0, 1515.0, 1282.0, 1515.0, 1245.5]], "area": 33580.0, "iscrowd": 0, "ignore": 0, "image_id": 20180000001, "bbox": [595.0, 1245.5, 920.0, 36.5], "category_id": 3, "id": 53}, {"segmentation": [[405.0, 1327.0, 405.0, 1349.0, 487.0, 1349.0, 487.0, 1327.0]], "area": 1804.0, "iscrowd": 0, "ignore": 0, "image_id": 20180000001, "bbox": [405.0, 1327.0, 82.0, 22.0], "category_id": 1, "id": 54}, {"segmentation": [[595.0, 1353.390625, 595.0, 1404.390625, 1494.0, 1404.390625, 1494.0, 1353.390625]], "area": 45849.0, "iscrowd": 0, "ignore": 0, "image_id": 20180000001, "bbox": [595.0, 1353.390625, 899.0, 51.0], "category_id": 2, "id": 55}, {"segmentation": [[595.0, 1320.0, 595.0, 1342.390625, 1515.0, 1342.390625, 1515.0, 1320.0]], "area": 20599.375, "iscrowd": 0, "ignore": 0, "image_id": 20180000001, "bbox": [595.0, 1320.0, 920.0, 22.390625], "category_id": 8, "id": 56}, {"segmentation": [[595.0, 1411.390625, 595.0, 1462.390625, 1506.0, 1462.390625, 1506.0, 1411.390625]], "area": 46461.0, "iscrowd": 0, "ignore": 0, "image_id": 20180000001, "bbox": [595.0, 1411.390625, 911.0, 51.0], "category_id": 4, "id": 57}, {"segmentation": [[405.0, 1488.390625, 405.0, 1507.390625, 540.0, 1507.390625, 540.0, 1488.390625]], "area": 2565.0, "iscrowd": 0, "ignore": 0, "image_id": 20180000001, "bbox": [405.0, 1488.390625, 135.0, 19.0], "category_id": 1, "id": 58}, {"segmentation": [[405.0, 1516.390625, 405.0, 1538.78125, 1515.0, 1538.78125, 1515.0, 1516.390625]], "area": 24853.59375, "iscrowd": 0, "ignore": 0, "image_id": 20180000001, "bbox": [405.0, 1516.390625, 1110.0, 22.390625], "category_id": 8, "id": 59}, {"segmentation": [[405.0, 1567.78125, 405.0, 1589.78125, 539.0, 1589.78125, 539.0, 1567.78125]], "area": 2948.0, "iscrowd": 0, "ignore": 0, "image_id": 20180000001, "bbox": [405.0, 1567.78125, 134.0, 22.0], "category_id": 1, "id": 60}, {"segmentation": [[595.0, 1560.78125, 595.0, 1684.78125, 1515.0, 1684.78125, 1515.0, 1560.78125]], "area": 114080.0, "iscrowd": 0, "ignore": 0, "image_id": 20180000001, "bbox": [595.0, 1560.78125, 920.0, 124.0], "category_id": 6, "id": 61}, {"segmentation": [[405.0, 1708.78125, 405.0, 1727.78125, 427.0, 1727.78125, 427.0, 1708.78125]], "area": 418.0, "iscrowd": 0, "ignore": 0, "image_id": 20180000001, "bbox": [405.0, 1708.78125, 22.0, 19.0], "category_id": 1, "id": 62}, {"segmentation": [[405.0, 1778.28125, 405.0, 1811.28125, 1510.0, 1811.28125, 1510.0, 1778.28125]], "area": 36465.0, "iscrowd": 0, "ignore": 0, "image_id": 20180000001, "bbox": [405.0, 1778.28125, 1105.0, 33.0], "category_id": 2, "id": 63}, {"segmentation": [[405.0, 1736.78125, 405.0, 1773.28125, 1515.0, 1773.28125, 1515.0, 1736.78125]], "area": 40515.0, "iscrowd": 0, "ignore": 0, "image_id": 20180000001, "bbox": [405.0, 1736.78125, 1110.0, 36.5], "category_id": 3, "id": 64}, {"segmentation": [[405.0, 1836.28125, 405.0, 1858.28125, 436.0, 1858.28125, 436.0, 1836.28125]], "area": 682.0, "iscrowd": 0, "ignore": 0, "image_id": 20180000001, "bbox": [405.0, 1836.28125, 31.0, 22.0], "category_id": 1, "id": 65}, {"segmentation": [[595.0, 1829.28125, 595.0, 2129.28125, 1515.0, 2129.28125, 1515.0, 1829.28125]], "area": 276000.0, "iscrowd": 0, "ignore": 0, "image_id": 20180000001, "bbox": [595.0, 1829.28125, 920.0, 300.0], "category_id": 6, "id": 66}, {"segmentation": [[595.0, 2134.28125, 595.0, 2185.28125, 1504.0, 2185.28125, 1504.0, 2134.28125]], "area": 46359.0, "iscrowd": 0, "ignore": 0, "image_id": 20180000001, "bbox": [595.0, 2134.28125, 909.0, 51.0], "category_id": 4, "id": 67}, {"segmentation": [[405.0, 2211.28125, 405.0, 2230.28125, 476.0, 2230.28125, 476.0, 2211.28125]], "area": 1349.0, "iscrowd": 0, "ignore": 0, "image_id": 20180000001, "bbox": [405.0, 2211.28125, 71.0, 19.0], "category_id": 1, "id": 68}, {"segmentation": [[405.0, 2239.28125, 405.0, 2561.28125, 1515.0, 2561.28125, 1515.0, 2239.28125]], "area": 357420.0, "iscrowd": 0, "ignore": 0, "image_id": 20180000001, "bbox": [405.0, 2239.28125, 1110.0, 322.0], "category_id": 6, "id": 69}, {"segmentation": [[405.0, 2566.28125, 405.0, 2599.28125, 1510.0, 2599.28125, 1510.0, 2566.28125]], "area": 36465.0, "iscrowd": 0, "ignore": 0, "image_id": 20180000001, "bbox": [405.0, 2566.28125, 1105.0, 33.0], "category_id": 4, "id": 70}, {"segmentation": [[405.0, 2625.28125, 405.0, 2644.28125, 477.0, 2644.28125, 477.0, 2625.28125]], "area": 1368.0, "iscrowd": 0, "ignore": 0, "image_id": 20180000001, "bbox": [405.0, 2625.28125, 72.0, 19.0], "category_id": 1, "id": 71}, {"segmentation": [[405.0, 2694.78125, 405.0, 2709.78125, 706.0, 2709.78125, 706.0, 2694.78125]], "area": 4515.0, "iscrowd": 0, "ignore": 0, "image_id": 20180000001, "bbox": [405.0, 2694.78125, 301.0, 15.0], "category_id": 2, "id": 72}, {"segmentation": [[405.0, 2653.28125, 405.0, 2689.78125, 1515.0, 2689.78125, 1515.0, 2653.28125]], "area": 40515.0, "iscrowd": 0, "ignore": 0, "image_id": 20180000001, "bbox": [405.0, 2653.28125, 1110.0, 36.5], "category_id": 3, "id": 73}, {"segmentation": [[441.0, 2727.78125, 441.0, 2749.78125, 491.0, 2749.78125, 491.0, 2727.78125]], "area": 1100.0, "iscrowd": 0, "ignore": 0, "image_id": 20180000001, "bbox": [441.0, 2727.78125, 50.0, 22.0], "category_id": 1, "id": 74}, {"segmentation": [[406.0, 2730.78125, 406.0, 2748.78125, 434.0, 2748.78125, 434.0, 2730.78125]], "area": 504.0, "iscrowd": 0, "ignore": 0, "image_id": 20180000001, "bbox": [406.0, 2730.78125, 28.0, 18.0], "category_id": 9, "id": 75}, {"segmentation": [[405.0, 2758.28125, 405.0, 2777.28125, 553.0, 2777.28125, 553.0, 2758.28125]], "area": 2812.0, "iscrowd": 0, "ignore": 0, "image_id": 20180000001, "bbox": [405.0, 2758.28125, 148.0, 19.0], "category_id": 1, "id": 76}, {"segmentation": [[405.0, 2786.28125, 405.0, 3086.28125, 1515.0, 3086.28125, 1515.0, 2786.28125]], "area": 333000.0, "iscrowd": 0, "ignore": 0, "image_id": 20180000001, "bbox": [405.0, 2786.28125, 1110.0, 300.0], "category_id": 6, "id": 77}, {"segmentation": [[802.0, 3102.28125, 802.0, 3138.28125, 883.0, 3138.28125, 883.0, 3102.28125]], "area": 2916.0, "iscrowd": 0, "ignore": 0, "image_id": 20180000001, "bbox": [802.0, 3102.28125, 81.0, 36.0], "category_id": 10, "id": 78}, {"segmentation": [[883.0, 3102.28125, 883.0, 3138.28125, 1018.0, 3138.28125, 1018.0, 3102.28125]], "area": 4860.0, "iscrowd": 0, "ignore": 0, "image_id": 20180000001, "bbox": [883.0, 3102.28125, 135.0, 36.0], "category_id": 10, "id": 79}, {"segmentation": [[1018.0, 3105.78125, 1018.0, 3134.78125, 1118.0, 3134.78125, 1118.0, 3105.78125]], "area": 2900.0, "iscrowd": 0, "ignore": 0, "image_id": 20180000001, "bbox": [1018.0, 3105.78125, 100.0, 29.0], "category_id": 10, "id": 80}, {"segmentation": [[405.0, 7.0, 405.0, 55.0, 565.0, 55.0, 565.0, 7.0]], "area": 7680.0, "iscrowd": 0, "ignore": 0, "image_id": 20180000002, "bbox": [405.0, 7.0, 160.0, 48.0], "category_id": 1, "id": 81}, {"segmentation": [[595.0, 44.0, 595.0, 59.0, 1326.640625, 59.0, 1326.640625, 44.0]], "area": 10974.609375, "iscrowd": 0, "ignore": 0, "image_id": 20180000002, "bbox": [595.0, 44.0, 731.640625, 15.0], "category_id": 2, "id": 82}, {"segmentation": [[595.0, 0.0, 595.0, 38.0, 1515.0, 38.0, 1515.0, 0.0]], "area": 34960.0, "iscrowd": 0, "ignore": 0, "image_id": 20180000002, "bbox": [595.0, 0.0, 920.0, 38.0], "category_id": 3, "id": 83}, {"segmentation": [[595.0, 67.0, 595.0, 82.0, 624.234375, 82.0, 624.234375, 67.0]], "area": 438.515625, "iscrowd": 0, "ignore": 0, "image_id": 20180000002, "bbox": [595.0, 67.0, 29.234375, 15.0], "category_id": 4, "id": 84}, {"segmentation": [[405.0, 109.0, 405.0, 128.0, 495.625, 128.0, 495.625, 109.0]], "area": 1721.875, "iscrowd": 0, "ignore": 0, "image_id": 20180000002, "bbox": [405.0, 109.0, 90.625, 19.0], "category_id": 1, "id": 85}, {"segmentation": [[405.0, 138.0, 405.0, 160.390625, 1515.0, 160.390625, 1515.0, 138.0]], "area": 24853.59375, "iscrowd": 0, "ignore": 0, "image_id": 20180000002, "bbox": [405.0, 138.0, 1110.0, 22.390625], "category_id": 8, "id": 86}, {"segmentation": [[441.0, 183.390625, 441.0, 207.390625, 488.0, 207.390625, 488.0, 183.390625]], "area": 1128.0, "iscrowd": 0, "ignore": 0, "image_id": 20180000002, "bbox": [441.0, 183.390625, 47.0, 24.0], "category_id": 1, "id": 87}, {"segmentation": [[406.0, 186.390625, 406.0, 204.390625, 434.0, 204.390625, 434.0, 186.390625]], "area": 504.0, "iscrowd": 0, "ignore": 0, "image_id": 20180000002, "bbox": [406.0, 186.390625, 28.0, 18.0], "category_id": 9, "id": 88}, {"segmentation": [[405.0, 216.390625, 405.0, 235.390625, 525.03125, 235.390625, 525.03125, 216.390625]], "area": 2280.59375, "iscrowd": 0, "ignore": 0, "image_id": 20180000002, "bbox": [405.0, 216.390625, 120.03125, 19.0], "category_id": 1, "id": 89}, {"segmentation": [[405.0, 245.390625, 405.0, 283.390625, 1515.0, 283.390625, 1515.0, 245.390625]], "area": 42180.0, "iscrowd": 0, "ignore": 0, "image_id": 20180000002, "bbox": [405.0, 245.390625, 1110.0, 38.0], "category_id": 3, "id": 90}, {"segmentation": [[405.0, 306.390625, 405.0, 330.390625, 503.6875, 330.390625, 503.6875, 306.390625]], "area": 2368.5, "iscrowd": 0, "ignore": 0, "image_id": 20180000002, "bbox": [405.0, 306.390625, 98.6875, 24.0], "category_id": 1, "id": 91}, {"segmentation": [[595.0, 299.390625, 595.0, 321.78125, 1515.0, 321.78125, 1515.0, 299.390625]], "area": 20599.375, "iscrowd": 0, "ignore": 0, "image_id": 20180000002, "bbox": [595.0, 299.390625, 920.0, 22.390625], "category_id": 8, "id": 92}, {"segmentation": [[595.0, 334.78125, 595.0, 368.78125, 1504.65625, 368.78125, 1504.65625, 334.78125]], "area": 30928.3125, "iscrowd": 0, "ignore": 0, "image_id": 20180000002, "bbox": [595.0, 334.78125, 909.65625, 34.0], "category_id": 4, "id": 93}, {"segmentation": [[441.0, 386.78125, 441.0, 410.78125, 479.734375, 410.78125, 479.734375, 386.78125]], "area": 929.625, "iscrowd": 0, "ignore": 0, "image_id": 20180000002, "bbox": [441.0, 386.78125, 38.734375, 24.0], "category_id": 1, "id": 94}, {"segmentation": [[406.0, 389.78125, 406.0, 407.78125, 434.0, 407.78125, 434.0, 389.78125]], "area": 504.0, "iscrowd": 0, "ignore": 0, "image_id": 20180000002, "bbox": [406.0, 389.78125, 28.0, 18.0], "category_id": 9, "id": 95}, {"segmentation": [[441.0, 410.78125, 441.0, 434.78125, 476.9375, 434.78125, 476.9375, 410.78125]], "area": 862.5, "iscrowd": 0, "ignore": 0, "image_id": 20180000002, "bbox": [441.0, 410.78125, 35.9375, 24.0], "category_id": 1, "id": 96}, {"segmentation": [[406.0, 413.78125, 406.0, 431.78125, 434.0, 431.78125, 434.0, 413.78125]], "area": 504.0, "iscrowd": 0, "ignore": 0, "image_id": 20180000002, "bbox": [406.0, 413.78125, 28.0, 18.0], "category_id": 9, "id": 97}, {"segmentation": [[405.0, 441.78125, 405.0, 465.78125, 435.125, 465.78125, 435.125, 441.78125]], "area": 723.0, "iscrowd": 0, "ignore": 0, "image_id": 20180000002, "bbox": [405.0, 441.78125, 30.125, 24.0], "category_id": 1, "id": 98}, {"segmentation": [[595.0, 434.78125, 595.0, 688.78125, 1515.0, 688.78125, 1515.0, 434.78125]], "area": 233680.0, "iscrowd": 0, "ignore": 0, "image_id": 20180000002, "bbox": [595.0, 434.78125, 920.0, 254.0], "category_id": 6, "id": 99}, {"segmentation": [[405.0, 711.78125, 405.0, 735.78125, 531.4375, 735.78125, 531.4375, 711.78125]], "area": 3034.5, "iscrowd": 0, "ignore": 0, "image_id": 20180000002, "bbox": [405.0, 711.78125, 126.4375, 24.0], "category_id": 1, "id": 100}, {"segmentation": [[595.0, 704.78125, 595.0, 1054.78125, 1515.0, 1054.78125, 1515.0, 704.78125]], "area": 322000.0, "iscrowd": 0, "ignore": 0, "image_id": 20180000002, "bbox": [595.0, 704.78125, 920.0, 350.0], "category_id": 6, "id": 101}, {"segmentation": [[405.0, 1079.78125, 405.0, 1098.78125, 456.046875, 1098.78125, 456.046875, 1079.78125]], "area": 969.890625, "iscrowd": 0, "ignore": 0, "image_id": 20180000002, "bbox": [405.0, 1079.78125, 51.046875, 19.0], "category_id": 1, "id": 102}, {"segmentation": [[405.0, 1368.78125, 405.0, 1421.78125, 1512.71875, 1421.78125, 1512.71875, 1368.78125]], "area": 58709.09375, "iscrowd": 0, "ignore": 0, "image_id": 20180000002, "bbox": [405.0, 1368.78125, 1107.71875, 53.0], "category_id": 2, "id": 103}, {"segmentation": [[405.0, 1108.78125, 405.0, 1362.78125, 1515.0, 1362.78125, 1515.0, 1108.78125]], "area": 281940.0, "iscrowd": 0, "ignore": 0, "image_id": 20180000002, "bbox": [405.0, 1108.78125, 1110.0, 254.0], "category_id": 6, "id": 104}, {"segmentation": [[405.0, 1429.78125, 405.0, 1444.78125, 841.765625, 1444.78125, 841.765625, 1429.78125]], "area": 6551.484375, "iscrowd": 0, "ignore": 0, "image_id": 20180000002, "bbox": [405.0, 1429.78125, 436.765625, 15.0], "category_id": 4, "id": 105}, {"segmentation": [[405.0, 1471.78125, 405.0, 1490.78125, 543.265625, 1490.78125, 543.265625, 1471.78125]], "area": 2627.046875, "iscrowd": 0, "ignore": 0, "image_id": 20180000002, "bbox": [405.0, 1471.78125, 138.265625, 19.0], "category_id": 1, "id": 106}, {"segmentation": [[405.0, 1544.78125, 405.0, 1578.78125, 1510.046875, 1578.78125, 1510.046875, 1544.78125]], "area": 37571.59375, "iscrowd": 0, "ignore": 0, "image_id": 20180000002, "bbox": [405.0, 1544.78125, 1105.046875, 34.0], "category_id": 2, "id": 107}, {"segmentation": [[405.0, 1500.78125, 405.0, 1538.78125, 1515.0, 1538.78125, 1515.0, 1500.78125]], "area": 42180.0, "iscrowd": 0, "ignore": 0, "image_id": 20180000002, "bbox": [405.0, 1500.78125, 1110.0, 38.0], "category_id": 3, "id": 108}, {"segmentation": [[405.0, 1603.78125, 405.0, 1627.78125, 540.203125, 1627.78125, 540.203125, 1603.78125]], "area": 3244.875, "iscrowd": 0, "ignore": 0, "image_id": 20180000002, "bbox": [405.0, 1603.78125, 135.203125, 24.0], "category_id": 1, "id": 109}, {"segmentation": [[595.0, 1596.78125, 595.0, 1946.78125, 1515.0, 1946.78125, 1515.0, 1596.78125]], "area": 322000.0, "iscrowd": 0, "ignore": 0, "image_id": 20180000002, "bbox": [595.0, 1596.78125, 920.0, 350.0], "category_id": 6, "id": 110}, {"segmentation": [[405.0, 1971.78125, 405.0, 1990.78125, 425.03125, 1990.78125, 425.03125, 1971.78125]], "area": 380.59375, "iscrowd": 0, "ignore": 0, "image_id": 20180000002, "bbox": [405.0, 1971.78125, 20.03125, 19.0], "category_id": 1, "id": 111}, {"segmentation": [[405.0, 2000.78125, 405.0, 2038.78125, 1515.0, 2038.78125, 1515.0, 2000.78125]], "area": 42180.0, "iscrowd": 0, "ignore": 0, "image_id": 20180000002, "bbox": [405.0, 2000.78125, 1110.0, 38.0], "category_id": 3, "id": 112}, {"segmentation": [[1111.28125, 2054.78125, 1111.28125, 2092.78125, 1235.0, 2092.78125, 1235.0, 2054.78125]], "area": 4701.3125, "iscrowd": 0, "ignore": 0, "image_id": 20180000002, "bbox": [1111.28125, 2054.78125, 123.71875, 38.0], "category_id": 10, "id": 113}, {"segmentation": [[1235.0, 2054.78125, 1235.0, 2092.78125, 1309.296875, 2092.78125, 1309.296875, 2054.78125]], "area": 2823.28125, "iscrowd": 0, "ignore": 0, "image_id": 20180000002, "bbox": [1235.0, 2054.78125, 74.296875, 38.0], "category_id": 10, "id": 114}, {"segmentation": [[1309.296875, 2054.78125, 1309.296875, 2092.78125, 1515.0, 2092.78125, 1515.0, 2054.78125]], "area": 7816.71875, "iscrowd": 0, "ignore": 0, "image_id": 20180000002, "bbox": [1309.296875, 2054.78125, 205.703125, 38.0], "category_id": 10, "id": 115}], "categories": [{"supercategory": "none", "id": 1, "name": "label"}, {"supercategory": "none", "id": 2, "name": "hint_text"}, {"supercategory": "none", "id": 3, "name": "textfield"}, {"supercategory": "none", "id": 4, "name": "validation_text"}, {"supercategory": "none", "id": 5, "name": "checkbox"}, {"supercategory": "none", "id": 6, "name": "textarea"}, {"supercategory": "none", "id": 7, "name": "radio_button"}, {"supercategory": "none", "id": 8, "name": "range"}, {"supercategory": "none", "id": 9, "name": "switch"}, {"supercategory": "none", "id": 10, "name": "button"}]}